channel_name,channel_group,is_paid,total_spend_inr,ft_enrollments,ft_revenue,ft_cac,ft_roas,lt_enrollments,lt_revenue,lt_cac,lt_roas,lin_enrollments,lin_revenue,lin_cac,lin_roas,pb_enrollments,pb_revenue,pb_cac,pb_roas
Google Ads,Paid Search,1,8101049.22,688,9436900,11774.78,1.165,1147,15811200,7062.82,1.952,861.92,11864730.36,9398.88,1.465,889.9,12245680,9103.33,1.512
Meta Ads,Paid Social,1,1413499.49,623,8517300,2268.86,6.026,13,178700,108730.73,0.126,386.75,5300131.37,3654.82,3.75,350.3,4798320,4035.11,3.395
YouTube Ads,Paid Video,1,1239350.03,363,5007400,3414.19,4.04,0,0,,0.0,224.0,3048398.89,5532.81,2.46,203.6,2786970,6087.18,2.249
Microsoft Ads,Paid Search,1,312787.47,78,1048800,4010.1,3.353,1,8700,312787.47,0.028,48.92,657216.41,6394.29,2.101,44.1,591720,7092.69,1.892
Direct,Direct,0,0.0,437,6062700,,,818,11630300,,,577.83,8131947.78,,,602.8,8490700,,
Referral,Referral,0,0.0,241,3309900,,,521,7144000,,,348.75,4784874.03,,,365.2,5009490,,
Organic Search,Organic,0,0.0,673,9179400,,,436,5954100,,,589.83,8036997.48,,,571.8,7797840,,
Website Chat,Direct,0,0.0,92,1186100,,,450,5736800,,,227.5,2907616.14,,,249.5,3187500,,
Partner Website,Referral,0,0.0,28,353200,,,140,1750600,,,68.42,851916.49,,,76.4,954730,,
Unknown,Other,0,0.0,3,39000,,,29,368000,,,13.58,171808.32,,,14.9,189100,,
Click2Call,Direct,0,0.0,0,0,,,3,40200,,,1.08,14383.33,,,1.3,17400,,
Other,Other,0,0.0,0,0,,,1,15600,,,0.5,7800.0,,,0.5,7800,,
Email,Email,0,0.0,155,2061700,,,1,15200,,,97.08,1318449.48,,,87.6,1178250,,
Social Organic,Organic,0,0.0,180,2465300,,,1,14300,,,114.83,1571416.09,,,103.1,1412200,,
Content,Organic,0,0.0,0,0,,,0,0,,,0.0,0.0,,,0.0,0,,
