year_num,week_start_date,cohort_status,cohort_leads,enrollments,conversion_rate_pct,avg_days_to_enroll,cohort_commission_inr,rev_per_lead_inr
2026,2025-12-29,MATURED,141,53,37.59,21.3,704900,4999.29
2026,2026-01-05,MATURED,265,106,40.0,18.4,1485000,5603.77
2026,2026-01-12,MATURED,299,118,39.46,19.5,1630600,5453.51
2026,2026-01-19,MATURED,266,94,35.34,18.3,1257500,4727.44
2026,2026-01-26,MATURED,338,133,39.35,17.8,1760300,5207.99
2026,2026-02-02,MATURED,321,126,39.25,19.8,1684500,5247.66
2026,2026-02-09,MATURED,330,131,39.7,18.5,1743500,5283.33
2026,2026-02-16,MATURED,322,144,44.72,19.0,1981100,6152.48
2026,2026-02-23,MATURED,340,124,36.47,19.1,1715900,5046.76
2026,2026-03-02,MATURED,309,118,38.19,18.8,1618300,5237.22
2026,2026-03-09,MATURED,337,136,40.36,19.4,1837400,5452.23
2026,2026-03-16,MATURED,333,134,40.24,18.7,1877600,5638.44
2026,2026-03-23,MATURED,343,134,39.07,18.8,1834300,5347.81
2026,2026-03-30,MATURED,500,205,41.0,19.0,2750700,5501.4
2026,2026-04-06,MATURED,383,160,41.78,19.4,2265600,5915.4
2026,2026-04-13,MATURED,367,129,35.15,18.1,1803700,4914.71
2026,2026-04-20,MATURED,338,134,39.64,18.3,1845400,5459.76
2026,2026-04-27,MATURED,395,145,36.71,20.8,1984900,5025.06
2026,2026-05-04,MATURING,417,169,40.53,18.8,2295900,5505.76
2026,2026-05-11,MATURING,357,146,40.9,17.8,1931000,5408.96
2026,2026-05-18,MATURING,435,163,37.47,19.4,2200000,5057.47
2026,2026-05-25,MATURING,387,145,37.47,18.6,1947200,5031.52
2026,2026-06-01,MATURING,410,140,34.15,17.2,1926100,4697.8
2026,2026-06-08,MATURING,397,152,38.29,19.2,2094100,5274.81
2026,2026-06-15,MATURING,410,149,36.34,19.6,2091300,5100.73
2026,2026-06-22,MATURING,424,139,32.78,18.6,1939400,4574.06
2026,2026-06-29,MATURING,76,34,44.74,18.8,461500,6072.37
