channel_name,channel_group,specialization,stage_1_captured,stage_2_contacted,pct_captured_to_contacted,stage_3_qualified,pct_contacted_to_qualified,stage_4_applied,pct_qualified_to_applied,stage_5_enrolled,pct_applied_to_enrolled,overall_conversion_rate
Unknown,Other,Unspecified,28,27,96.43,24,88.89,22,91.67,21,95.45,75.0
Referral,Referral,Supply Chain Management,16,15,93.75,15,100.0,15,100.0,15,100.0,93.75
Direct,Direct,Finance Management,384,299,77.86,206,68.9,145,70.39,122,84.14,31.77
Google Ads,Paid Search,Retail Management,38,29,76.32,23,79.31,20,86.96,18,90.0,47.37
Microsoft Ads,Paid Search,Unspecified,4,3,75.0,1,33.33,0,0.0,0,,0.0
Google Ads,Paid Search,Travel and Tourism,31,27,87.1,20,74.07,16,80.0,13,81.25,41.94
Direct,Direct,Rural and Agribusiness,30,24,80.0,11,45.83,8,72.73,8,100.0,26.67
Website Chat,Direct,Marketing Management,47,38,80.85,29,76.32,25,86.21,24,96.0,51.06
Direct,Direct,Hospitality Management,39,32,82.05,15,46.88,9,60.0,6,66.67,15.38
Referral,Referral,IT Projects Management,11,11,100.0,11,100.0,11,100.0,11,100.0,100.0
Organic Search,Organic,Retail Management,17,14,82.35,10,71.43,7,70.0,5,71.43,29.41
Referral,Referral,International Business,7,6,85.71,5,83.33,5,100.0,5,100.0,71.43
Direct,Direct,E-Business,29,27,93.1,19,70.37,12,63.16,10,83.33,34.48
Website Chat,Direct,Travel and Tourism,5,5,100.0,5,100.0,4,80.0,4,100.0,80.0
Google Ads,Paid Search,Hospitality Management,34,31,91.18,23,74.19,16,69.57,15,93.75,44.12
Content,Organic,Business Administration,1,0,0.0,0,,0,,0,,0.0
Referral,Referral,Media and Advertising,3,3,100.0,2,66.67,2,100.0,2,100.0,66.67
Content,Organic,Travel and Tourism,1,1,100.0,1,100.0,1,100.0,0,0.0,0.0
Social Organic,Organic,Travel and Tourism,1,1,100.0,1,100.0,0,0.0,0,,0.0
Social Organic,Organic,Supply Chain Management,1,1,100.0,1,100.0,1,100.0,1,100.0,100.0
Google Ads,Paid Search,Finance Management,371,290,78.17,234,80.69,193,82.48,169,87.56,45.55
Google Ads,Paid Search,Marketing Management,331,275,83.08,216,78.55,171,79.17,159,92.98,48.04
Direct,Direct,Healthcare Management,65,55,84.62,38,69.09,31,81.58,25,80.65,38.46
Website Chat,Direct,Hospitality Management,3,3,100.0,3,100.0,3,100.0,3,100.0,100.0
Direct,Direct,Media and Advertising,68,54,79.41,35,64.81,26,74.29,24,92.31,35.29
Direct,Direct,"Banking, Investment And Insurance",138,113,81.88,88,77.88,68,77.27,57,83.82,41.3
Google Ads,Paid Search,IT Projects Management,117,95,81.2,73,76.84,66,90.41,59,89.39,50.43
Organic Search,Organic,Operations Management,68,50,73.53,38,76.0,34,89.47,32,94.12,47.06
Referral,Referral,Operations Management,31,29,93.55,29,100.0,29,100.0,29,100.0,93.55
Unknown,Other,Healthcare Management,1,1,100.0,1,100.0,1,100.0,1,100.0,100.0
Meta Ads,Paid Social,Supply Chain Management,1,1,100.0,1,100.0,0,0.0,0,,0.0
Direct,Direct,Business Administration,167,127,76.05,89,70.08,71,79.78,58,81.69,34.73
Organic Search,Organic,International Business,30,22,73.33,16,72.73,11,68.75,10,90.91,33.33
Organic Search,Organic,"Banking, Investment And Insurance",38,35,92.11,22,62.86,16,72.73,14,87.5,36.84
Referral,Referral,Business Administration,24,24,100.0,24,100.0,24,100.0,24,100.0,100.0
Website Chat,Direct,Finance Management,36,29,80.56,27,93.1,22,81.48,19,86.36,52.78
Google Ads,Paid Search,International Business,62,54,87.1,39,72.22,31,79.49,25,80.65,40.32
Organic Search,Organic,IT Projects Management,33,27,81.82,20,74.07,12,60.0,10,83.33,30.3
Google Ads,Paid Search,E-COMMERCE,23,19,82.61,12,63.16,10,83.33,8,80.0,34.78
Website Chat,Direct,Operations Management,32,30,93.75,29,96.67,27,93.1,26,96.3,81.25
Direct,Direct,E-COMMERCE,64,52,81.25,42,80.77,20,47.62,18,90.0,28.13
Google Ads,Paid Search,Healthcare Management,27,23,85.19,18,78.26,13,72.22,12,92.31,44.44
Partner Website,Referral,Finance Management,2,2,100.0,2,100.0,2,100.0,2,100.0,100.0
Partner Website,Referral,Healthcare Management,1,1,100.0,1,100.0,1,100.0,1,100.0,100.0
YouTube Ads,Paid Video,Business Administration,1,1,100.0,1,100.0,0,0.0,0,,0.0
Partner Website,Referral,Operations Management,2,2,100.0,2,100.0,2,100.0,2,100.0,100.0
Other,Other,Human Resource Management,1,1,100.0,1,100.0,0,0.0,0,,0.0
Google Ads,Paid Search,Supply Chain Management,89,74,83.15,57,77.03,44,77.19,41,93.18,46.07
Organic Search,Organic,Travel and Tourism,93,79,84.95,61,77.22,40,65.57,36,90.0,38.71
Direct,Direct,Human Resource Management,305,250,81.97,170,68.0,133,78.24,108,81.2,35.41
Referral,Referral,Healthcare Management,16,16,100.0,16,100.0,16,100.0,16,100.0,100.0
Meta Ads,Paid Social,Unspecified,39,23,58.97,15,65.22,8,53.33,5,62.5,12.82
Organic Search,Organic,Supply Chain Management,46,38,82.61,26,68.42,20,76.92,13,65.0,28.26
Direct,Direct,International Business,73,57,78.08,34,59.65,26,76.47,20,76.92,27.4
Organic Search,Organic,Finance Management,93,76,81.72,55,72.37,44,80.0,39,88.64,41.94
Google Ads,Paid Search,E-Business,17,16,94.12,12,75.0,10,83.33,7,70.0,41.18
Referral,Referral,Hospitality Management,12,12,100.0,12,100.0,11,91.67,10,90.91,83.33
Email,Email,Human Resource Management,1,1,100.0,1,100.0,1,100.0,1,100.0,100.0
Partner Website,Referral,Human Resource Management,6,6,100.0,6,100.0,6,100.0,6,100.0,100.0
Unknown,Other,E-COMMERCE,1,1,100.0,1,100.0,1,100.0,1,100.0,100.0
Meta Ads,Paid Social,Media and Advertising,1,0,0.0,0,,0,,0,,0.0
Google Ads,Paid Search,Human Resource Management,323,264,81.73,202,76.52,157,77.72,137,87.26,42.41
Google Ads,Paid Search,Business Administration,144,116,80.56,86,74.14,74,86.05,69,93.24,47.92
Referral,Referral,Human Resource Management,83,80,96.39,78,97.5,76,97.44,76,100.0,91.57
Direct,Direct,Supply Chain Management,178,138,77.53,103,74.64,80,77.67,70,87.5,39.33
Direct,Direct,Unspecified,162,114,70.37,67,58.77,34,50.75,22,64.71,13.58
Referral,Referral,"Banking, Investment And Insurance",31,29,93.55,29,100.0,29,100.0,29,100.0,93.55
Website Chat,Direct,Rural and Agribusiness,3,3,100.0,3,100.0,3,100.0,3,100.0,100.0
Website Chat,Direct,Media and Advertising,8,8,100.0,7,87.5,4,57.14,4,100.0,50.0
Organic Search,Organic,Rural and Agribusiness,24,21,87.5,17,80.95,12,70.59,12,100.0,50.0
Microsoft Ads,Paid Search,Operations Management,1,0,0.0,0,,0,,0,,0.0
Content,Organic,Supply Chain Management,1,1,100.0,0,0.0,0,,0,,0.0
Referral,Referral,E-COMMERCE,3,3,100.0,3,100.0,3,100.0,3,100.0,100.0
Other,Other,Marketing Management,2,2,100.0,1,50.0,1,100.0,1,100.0,50.0
Referral,Referral,E-Business,2,2,100.0,2,100.0,2,100.0,2,100.0,100.0
Referral,Referral,Travel and Tourism,4,4,100.0,4,100.0,2,50.0,2,100.0,50.0
Partner Website,Referral,Business Administration,2,2,100.0,2,100.0,2,100.0,2,100.0,100.0
Unknown,Other,Finance Management,3,3,100.0,3,100.0,3,100.0,3,100.0,100.0
Unknown,Other,Human Resource Management,1,1,100.0,1,100.0,1,100.0,1,100.0,100.0
Meta Ads,Paid Social,International Business,1,1,100.0,1,100.0,1,100.0,1,100.0,100.0
Meta Ads,Paid Social,Healthcare Management,1,1,100.0,1,100.0,1,100.0,1,100.0,100.0
Partner Website,Referral,Unspecified,127,127,100.0,125,98.43,125,100.0,125,100.0,98.43
Website Chat,Direct,IT Projects Management,5,5,100.0,4,80.0,3,75.0,3,100.0,60.0
Google Ads,Paid Search,Unspecified,904,679,75.11,480,70.69,319,66.46,251,78.68,27.77
Referral,Referral,Unspecified,234,199,85.04,168,84.42,141,83.93,131,92.91,55.98
Website Chat,Direct,Business Administration,17,16,94.12,13,81.25,11,84.62,11,100.0,64.71
Organic Search,Organic,Marketing Management,59,50,84.75,34,68.0,28,82.35,26,92.86,44.07
Google Ads,Paid Search,Operations Management,166,131,78.92,108,82.44,86,79.63,78,90.7,46.99
Website Chat,Direct,Retail Management,3,2,66.67,2,100.0,2,100.0,2,100.0,66.67
Google Ads,Paid Search,Services Excellence,5,5,100.0,3,60.0,2,66.67,2,100.0,40.0
Meta Ads,Paid Social,Business Administration,1,1,100.0,1,100.0,1,100.0,1,100.0,100.0
Click2Call,Direct,Human Resource Management,3,3,100.0,2,66.67,2,100.0,2,100.0,66.67
Referral,Referral,Services Excellence,3,3,100.0,1,33.33,1,100.0,1,100.0,33.33
Organic Search,Organic,Hospitality Management,25,21,84.0,15,71.43,14,93.33,14,100.0,56.0
Website Chat,Direct,Services Excellence,1,1,100.0,1,100.0,1,100.0,1,100.0,100.0
Referral,Referral,Rural and Agribusiness,4,4,100.0,3,75.0,3,100.0,2,66.67,50.0
Referral,Referral,Retail Management,2,2,100.0,2,100.0,2,100.0,2,100.0,100.0
Microsoft Ads,Paid Search,Media and Advertising,1,1,100.0,1,100.0,1,100.0,1,100.0,100.0
Partner Website,Referral,Supply Chain Management,1,1,100.0,1,100.0,1,100.0,1,100.0,100.0
Partner Website,Referral,IT Projects Management,1,1,100.0,1,100.0,1,100.0,1,100.0,100.0
Click2Call,Direct,Finance Management,1,1,100.0,1,100.0,1,100.0,1,100.0,100.0
Meta Ads,Paid Social,Hospitality Management,1,0,0.0,0,,0,,0,,0.0
Direct,Direct,Services Excellence,26,19,73.08,13,68.42,9,69.23,5,55.56,19.23
Website Chat,Direct,Supply Chain Management,16,14,87.5,11,78.57,10,90.91,10,100.0,62.5
Direct,Direct,Marketing Management,307,247,80.46,177,71.66,127,71.75,115,90.55,37.46
Organic Search,Organic,Healthcare Management,40,37,92.5,30,81.08,22,73.33,20,90.91,50.0
Organic Search,Organic,Media and Advertising,57,52,91.23,38,73.08,32,84.21,29,90.63,50.88
Website Chat,Direct,E-COMMERCE,3,3,100.0,3,100.0,2,66.67,2,100.0,66.67
Organic Search,Organic,Human Resource Management,88,71,80.68,49,69.01,41,83.67,37,90.24,42.05
Direct,Direct,Travel and Tourism,68,54,79.41,38,70.37,24,63.16,17,70.83,25.0
Google Ads,Paid Search,Media and Advertising,65,48,73.85,33,68.75,26,78.79,25,96.15,38.46
Organic Search,Organic,E-Business,9,9,100.0,4,44.44,3,75.0,2,66.67,22.22
Website Chat,Direct,International Business,5,4,80.0,3,75.0,3,100.0,3,100.0,60.0
Organic Search,Organic,E-COMMERCE,16,15,93.75,13,86.67,11,84.62,8,72.73,50.0
Website Chat,Direct,Human Resource Management,34,28,82.35,21,75.0,18,85.71,17,94.44,50.0
Google Ads,Paid Search,Rural and Agribusiness,12,12,100.0,8,66.67,6,75.0,6,100.0,50.0
Meta Ads,Paid Social,Human Resource Management,3,3,100.0,3,100.0,3,100.0,3,100.0,100.0
Unknown,Other,Operations Management,1,1,100.0,1,100.0,1,100.0,1,100.0,100.0
Website Chat,Direct,Unspecified,1515,1030,67.99,605,58.74,382,63.14,301,78.8,19.87
Google Ads,Paid Search,"Banking, Investment And Insurance",115,96,83.48,74,77.08,63,85.14,53,84.13,46.09
Organic Search,Organic,Unspecified,367,285,77.66,206,72.28,137,66.5,113,82.48,30.79
Referral,Referral,Finance Management,82,81,98.78,80,98.77,79,98.75,79,100.0,96.34
Direct,Direct,IT Projects Management,199,155,77.89,106,68.39,74,69.81,56,75.68,28.14
Website Chat,Direct,"Banking, Investment And Insurance",16,15,93.75,14,93.33,14,100.0,14,100.0,87.5
Direct,Direct,Operations Management,201,157,78.11,108,68.79,82,75.93,70,85.37,34.83
Referral,Referral,Marketing Management,91,86,94.51,83,96.51,83,100.0,82,98.8,90.11
Organic Search,Organic,Business Administration,46,36,78.26,30,83.33,21,70.0,14,66.67,30.43
Direct,Direct,Retail Management,40,34,85.0,24,70.59,16,66.67,7,43.75,17.5
Organic Search,Organic,Services Excellence,5,4,80.0,2,50.0,2,100.0,2,100.0,40.0
Website Chat,Direct,Healthcare Management,8,7,87.5,5,71.43,4,80.0,3,75.0,37.5
Unknown,Other,Marketing Management,1,1,100.0,1,100.0,1,100.0,1,100.0,100.0
Meta Ads,Paid Social,Finance Management,4,2,50.0,2,100.0,2,100.0,2,100.0,50.0
Meta Ads,Paid Social,E-COMMERCE,2,1,50.0,1,100.0,0,0.0,0,,0.0
Meta Ads,Paid Social,Operations Management,1,1,100.0,0,0.0,0,,0,,0.0
